iteration,avg_price,cash_and_stock,cash,stock_value,action,position
0,0.0,1000000.0,1000000.0,0.0,0,0
1,41.3957,999249.91,499272.8,499977.11,1,1
2,40.7329,991244.23,499272.8,491971.44,1,1
3,40.8829,993056.84,499272.8,493784.04,1,1
4,41.0205,994718.39,499272.8,495445.6,1,1
5,41.008,994567.34,499272.8,495294.55,1,1
6,40.4577,987921.12,499272.8,488648.33,1,1
7,40.8204,992301.59,499272.8,493028.79,1,1
8,40.6203,989884.78,499272.8,490611.98,1,1
9,40.1951,984749.06,499272.8,485476.27,1,1
10,39.0695,971154.52,499272.8,471881.72,1,1
11,36.8809,944720.68,499272.8,445447.89,1,1
12,37.9064,957106.82,499272.8,457834.03,1,1
13,37.6813,954387.91,499272.8,455115.12,1,1
14,37.7689,955445.27,499272.8,456172.47,1,1
15,37.0935,947288.54,499272.8,448015.75,1,1
16,37.1686,948194.84,499272.8,448922.05,1,1
17,36.6808,942303.88,499272.8,443031.08,1,1
18,36.6308,941699.67,499272.8,442426.88,1,1
19,36.8809,944720.68,499272.8,445447.89,1,1
20,35.7929,931579.29,499272.8,432306.5,1,1
21,35.9305,933240.85,499272.8,433968.05,1,1
22,36.2181,936715.01,499272.8,437442.21,1,1
23,35.968,933694.0,499272.8,434421.2,1,1
24,35.8804,932636.64,499272.8,433363.85,1,1
25,35.6428,929766.69,499272.8,430493.89,1,1
26,35.8679,932485.59,499272.8,433212.8,1,1
27,35.9305,933240.85,499272.8,433968.05,1,1
28,37.056,946835.39,499272.8,447562.59,1,1
29,36.9059,945022.78,499272.8,445749.99,1,1
30,37.4687,951820.06,499272.8,452547.26,1,1
31,37.7689,955445.27,499272.8,456172.47,1,1
32,39.1946,972665.02,499272.8,473392.23,1,1
33,39.007,970399.27,499272.8,471126.47,1,1
34,38.9945,970248.22,499272.8,470975.42,1,1
35,38.119,959674.68,499272.8,460401.89,1,1
36,37.9064,957106.82,499272.8,457834.03,1,1
37,37.6063,953481.61,499272.8,454208.82,1,1
38,38.0065,958315.23,499272.8,459042.43,1,1
39,37.7063,954690.02,499272.8,455417.22,1,1
40,37.8439,956351.57,499272.8,457078.78,1,1
41,37.5938,953330.56,499272.8,454057.77,1,1
42,38.8069,967982.46,499272.8,468709.66,1,1
43,38.6818,966471.95,499272.8,467199.16,1,1
44,38.5192,964508.3,499272.8,465235.5,1,1
45,38.1441,959976.78,499272.8,460703.99,1,1
46,38.0065,958315.23,499272.8,459042.43,1,1
47,37.6938,954538.97,499272.8,455266.17,1,1
48,37.2936,949705.35,499272.8,450432.55,1,1
49,37.2936,949705.35,499272.8,450432.55,1,1
50,36.8934,944871.73,499272.8,445598.94,1,1
51,35.9555,933542.95,499272.8,434270.15,1,1
52,35.7178,930672.99,499272.8,431400.19,1,1
53,35.2676,925235.17,499272.8,425962.37,1,1
54,33.7669,907109.11,499272.8,407836.32,1,1
55,33.7919,907411.21,499272.8,408138.42,1,1
56,33.7419,906807.01,499272.8,407534.22,1,1
57,33.7794,907260.16,499272.8,407987.37,1,1
58,33.3667,902275.5,499272.8,403002.7,1,1
59,33.2166,900462.89,499272.8,401190.09,1,1
60,32.8789,896384.53,499272.8,397111.73,1,1
61,34.1921,912244.83,499272.8,412972.03,1,1
62,34.0545,910583.27,499272.8,411310.48,1,1
63,33.917,908921.72,499272.8,409648.92,1,1
64,33.8544,908166.47,499272.8,408893.67,1,1
65,33.4417,903181.8,499272.8,403909.0,1,1
66,33.2541,900916.04,499272.8,401643.25,1,1
67,32.041,886264.14,499272.8,386991.35,1,1
68,30.928,872820.65,499272.8,373547.86,1,1
69,31.1906,875992.71,499272.8,376719.92,1,1
70,31.0155,873878.0,499272.8,374605.21,1,1
71,31.078,874633.26,499272.8,375360.46,1,1
72,30.953,873122.75,499272.8,373849.96,1,1
73,33.3417,901973.4,499272.8,402700.6,1,1
74,33.9795,909676.97,499272.8,410404.17,1,1
75,33.2791,901218.14,499272.8,401945.35,1,1
76,33.2041,900311.84,499272.8,401039.04,1,1
77,33.3292,901822.34,499272.8,402549.55,1,1
78,33.4167,902879.7,499272.8,403606.9,1,1
79,34.7424,918891.05,499272.8,419618.25,1,1
80,35.7178,930672.99,499272.8,431400.19,1,1
81,35.3427,926141.47,499272.8,426868.68,1,1
82,35.4552,927500.93,499272.8,428228.13,1,1
83,35.8929,932787.69,499272.8,433514.9,1,1
84,35.2051,924479.92,499272.8,425207.12,1,1
85,34.7674,919193.15,499272.8,419920.36,1,1
86,34.5798,916927.39,499272.8,417654.6,1,1
87,34.6298,917531.6,499272.8,418258.8,1,1
88,35.918,933089.8,499272.8,433817.0,1,1
89,35.4552,927500.93,499272.8,428228.13,1,1
90,34.8174,919797.35,499272.8,420524.56,1,1
91,34.6923,918286.85,499272.8,419014.05,1,1
92,34.3922,914661.64,499272.8,415388.84,1,1
93,34.4047,914812.69,499272.8,415539.89,1,1
94,34.6798,918135.8,499272.8,418863.0,1,1
95,34.6048,917229.49,499272.8,417956.7,1,1
96,34.3672,914359.54,499272.8,415086.74,1,1
97,34.2546,913000.08,499272.8,413727.29,1,1
98,33.7919,907411.21,499272.8,408138.42,1,1
99,34.1421,911640.63,499272.8,412367.83,1,1
100,33.917,908921.72,499272.8,409648.92,1,1
101,33.8044,907562.26,499272.8,408289.47,1,1
102,33.8544,908166.47,499272.8,408893.67,1,1
103,34.2671,913151.13,499272.8,413878.34,1,1
104,34.0295,910281.17,499272.8,411008.38,1,1
105,33.5042,903937.05,499272.8,404664.26,1,1
106,33.4667,903483.9,499272.8,404211.1,1,1
107,33.5418,904390.2,499272.8,405117.41,1,1
108,34.1296,911489.58,499272.8,412216.78,1,1
109,34.4422,915265.84,499272.8,415993.04,1,1
110,34.0045,909979.07,499272.8,410706.28,1,1
111,33.9295,909072.77,499272.8,409799.97,1,1
112,34.117,911338.53,499272.8,412065.73,1,1
113,34.0795,910885.37,499272.8,411612.58,1,1
114,33.8169,907713.31,499272.8,408440.52,1,1
115,33.4167,902879.7,499272.8,403606.9,1,1
116,33.7919,907411.21,499272.8,408138.42,1,1
117,33.3667,902275.5,499272.8,403002.7,1,1
118,33.2666,901067.09,499272.8,401794.3,1,1
119,32.7038,894269.82,499272.8,394997.02,1,1
120,31.8159,883545.24,499272.8,384272.44,1,1
121,32.4037,890644.61,499272.8,391371.81,1,1
122,32.2911,889285.15,499272.8,390012.36,1,1
123,32.116,887170.45,499272.8,387897.65,1,1
124,32.2536,888832.0,499272.8,389559.21,1,1
125,32.2536,888832.0,499272.8,389559.21,1,1
126,32.0285,886113.09,499272.8,386840.3,1,1
127,32.1536,887623.6,499272.8,388350.8,1,1
128,32.2036,888227.8,499272.8,388955.01,1,1
129,31.9785,885508.89,499272.8,386236.1,1,1
130,32.8164,895629.27,499272.8,396356.48,1,1
131,32.6163,893212.47,499272.8,393939.67,1,1
132,32.3161,889587.26,499272.8,390314.46,1,1
133,32.5413,892306.16,499272.8,393033.37,1,1
134,32.3787,890342.51,499272.8,391069.71,1,1
135,32.2161,888378.85,499272.8,389106.06,1,1
136,33.2666,901067.09,499272.8,401794.3,1,1
137,34.1921,912244.83,499272.8,412972.03,1,1
138,34.1921,912244.83,499272.8,412972.03,1,1
139,33.7419,906807.01,499272.8,407534.22,1,1
140,33.6918,906202.81,499272.8,406930.01,1,1
141,33.3792,902426.55,499272.8,403153.75,1,1
142,33.3792,902426.55,499272.8,403153.75,1,1
143,32.7539,894874.02,499272.8,395601.23,1,1
144,32.5413,892306.16,499272.8,393033.37,1,1
145,32.5413,892306.16,499272.8,393033.37,1,1
146,32.7038,894269.82,499272.8,394997.02,1,1
147,34.117,911338.53,499272.8,412065.73,1,1
148,33.7669,907109.11,499272.8,407836.32,1,1
149,33.2666,901067.09,499272.8,401794.3,1,1
150,32.9165,896837.68,499272.8,397564.88,1,1
151,32.8914,896535.58,499272.8,397262.78,1,1
152,32.3662,890191.46,499272.8,390918.66,1,1
153,32.2661,888983.05,499272.8,389710.26,1,1
154,32.3036,889436.2,499272.8,390163.41,1,1
155,32.1536,887623.6,499272.8,388350.8,1,1
156,31.9159,884753.64,499272.8,385480.84,1,1
157,31.8784,884300.49,499272.8,385027.69,1,1
158,31.941,885055.74,499272.8,385782.95,1,1
159,31.8659,884149.44,499272.8,384876.64,1,1
160,31.9034,884602.59,499272.8,385329.79,1,1
161,31.3532,877956.37,499272.8,378683.57,1,1
162,30.6653,869648.59,499272.8,370375.8,1,1
163,30.3527,865872.33,499272.8,366599.53,1,1
164,30.1025,862851.32,499272.8,363578.52,1,1
165,30.115,863002.37,499272.8,363729.57,1,1
166,30.3151,865419.18,499272.8,366146.38,1,1
167,30.8529,871914.35,499272.8,372641.55,1,1
168,30.7279,870403.84,499272.8,371131.05,1,1
169,30.1651,863606.57,499272.8,364333.78,1,1
170,29.8899,860283.46,499272.8,361010.67,1,1
171,29.3021,853184.09,499272.8,353911.29,1,1
172,29.1521,851371.48,499272.8,352098.69,1,1
173,28.9895,849407.83,499272.8,350135.03,1,1
174,28.4392,842761.6,499272.8,343488.81,1,1
175,27.9139,836417.48,499272.8,337144.69,1,1
176,27.9515,836870.64,499272.8,337597.84,1,1
177,28.6768,845631.56,499272.8,346358.77,1,1
178,28.4642,843063.71,499272.8,343790.91,1,1
179,28.3517,841704.25,499272.8,342431.46,1,1
180,28.2766,840797.95,499272.8,341525.15,1,1
181,28.5268,843818.96,499272.8,344546.16,1,1
182,28.4392,842761.6,499272.8,343488.81,1,1
183,28.2141,840042.7,499272.8,340769.9,1,1
184,27.989,837323.79,499272.8,338050.99,1,1
185,27.6638,833396.47,499272.8,334123.68,1,1
186,27.1886,827656.56,499272.8,328383.76,1,1
187,26.5007,819348.78,499272.8,320075.98,1,1
188,26.5258,819650.88,499272.8,320378.08,1,1
189,26.976,825088.7,499272.8,325815.9,1,1
190,27.0135,825541.85,499272.8,326269.05,1,1
191,26.8384,823427.14,499272.8,324154.35,1,1
192,26.9009,824182.39,499272.8,324909.6,1,1
193,28.114,838834.29,499272.8,339561.5,1,1
194,27.8139,835209.08,499272.8,335936.28,1,1
195,27.1386,827052.35,499272.8,327779.56,1,1
196,26.6258,820859.28,499272.8,321586.49,1,1
197,26.926,824484.5,499272.8,325211.7,1,1
198,26.8259,823276.09,499272.8,324003.3,1,1
199,26.9134,824333.44,499272.8,325060.65,1,1
200,26.976,825088.7,499272.8,325815.9,1,1
201,27.1261,826901.3,499272.8,327628.51,1,1
202,27.4887,831281.77,499272.8,332008.97,1,1
203,26.8384,823427.14,499272.8,324154.35,1,1
204,26.7008,821765.59,499272.8,322492.79,1,1
205,27.051,825995.0,499272.8,326722.2,1,1
206,27.2511,828411.81,499272.8,329139.01,1,1
207,27.7389,834302.78,499272.8,335029.98,1,1
208,27.4887,831281.77,499272.8,332008.97,1,1
209,27.3637,829771.26,499272.8,330498.47,1,1
210,27.5388,831885.97,499272.8,332613.17,1,1
211,27.2886,828864.96,499272.8,329592.16,1,1
212,26.9635,824937.65,499272.8,325664.85,1,1
213,26.3757,817838.27,499272.8,318565.48,1,1
214,26.4382,818593.53,499272.8,319320.73,1,1
215,26.7634,822520.84,499272.8,323248.04,1,1
216,26.5508,819952.98,499272.8,320680.18,1,1
217,26.2756,816629.87,499272.8,317357.07,1,1
218,26.5007,819348.78,499272.8,320075.98,1,1
219,27.8889,836115.38,499272.8,336842.59,1,1
220,28.3267,841402.15,499272.8,342129.35,1,1
221,27.7138,834000.68,499272.8,334727.88,1,1
222,27.4137,830375.46,499272.8,331102.67,1,1
223,27.1261,826901.3,499272.8,327628.51,1,1
224,27.1511,827203.4,499272.8,327930.61,1,1
225,27.0885,826448.15,499272.8,327175.36,1,1
226,27.2886,828864.96,499272.8,329592.16,1,1
227,27.1886,827656.56,499272.8,328383.76,1,1
228,27.051,825995.0,499272.8,326722.2,1,1
229,26.8634,823729.24,499272.8,324456.45,1,1
230,26.6883,821614.54,499272.8,322341.74,1,1
231,26.3257,817234.07,499272.8,317961.28,1,1
232,26.3131,817083.02,499272.8,317810.23,1,1
233,26.2006,815723.57,499272.8,316450.77,1,1
234,26.088,814364.11,499272.8,315091.32,1,1
235,26.1005,814515.16,499272.8,315242.37,1,1
236,26.1506,815119.37,499272.8,315846.57,1,1
237,26.3257,817234.07,499272.8,317961.28,1,1
238,27.3262,829318.11,499272.8,330045.32,1,1
239,26.9385,824635.55,499272.8,325362.75,1,1
240,27.8514,835662.23,499272.8,336389.44,1,1
241,28.1516,839287.44,499272.8,340014.65,1,1
242,27.8764,835964.33,499272.8,336691.54,1,1
243,27.9515,836870.64,499272.8,337597.84,1,1
244,27.7514,834453.83,499272.8,335181.03,1,1
245,27.5513,832037.02,499272.8,332764.22,1,1
246,27.3011,829016.01,499272.8,329743.21,1,1
247,27.076,826297.1,499272.8,327024.31,1,1
248,27.1886,827656.56,499272.8,328383.76,1,1
249,26.8634,823729.24,499272.8,324456.45,1,1
250,26.8134,823125.04,499272.8,323852.25,1,1
251,26.5633,820104.03,499272.8,320831.24,1,1
252,26.5383,819801.93,499272.8,320529.13,1,1
253,26.3507,817536.17,499272.8,318263.38,1,1
254,26.2881,816780.92,499272.8,317508.12,1,1
255,26.1381,814968.31,499272.8,315695.52,1,1
256,24.9375,800467.47,499272.8,301194.67,1,1
257,24.95,800618.52,499272.8,301345.72,1,1
258,24.5998,796389.1,499272.8,297116.31,1,1
259,24.8624,799561.16,499272.8,300288.37,1,1
260,24.6873,797446.46,499272.8,298173.66,1,1
261,24.6998,797597.51,499272.8,298324.71,1,1
262,24.6998,797597.51,499272.8,298324.71,1,1
263,24.6498,796993.31,499272.8,297720.51,1,1
264,24.6748,797295.41,499272.8,298022.61,1,1
265,24.5998,796389.1,499272.8,297116.31,1,1
266,24.1871,791404.44,499272.8,292131.64,1,1
267,23.7994,786721.87,499272.8,287449.08,1,1
268,23.6118,784456.12,499272.8,285183.32,1,1
269,25.3627,805603.18,499272.8,306330.39,1,1
270,27.3136,829167.06,499272.8,329894.26,1,1
271,27.2386,828260.76,499272.8,328987.96,1,1
272,26.976,825088.7,499272.8,325815.9,1,1
273,26.4632,818895.63,499272.8,319622.83,1,1
274,26.2256,816025.67,499272.8,316752.87,1,1
275,26.1381,814968.31,499272.8,315695.52,1,1
276,25.8629,811645.2,499272.8,312372.41,1,1
277,25.4627,806811.59,499272.8,307538.79,1,1
278,25.1876,803488.48,499272.8,304215.68,1,1
279,25.2126,803790.58,499272.8,304517.78,1,1
280,25.3001,804847.93,499272.8,305575.14,1,1
281,25.0625,801977.97,499272.8,302705.18,1,1
282,24.9375,800467.47,499272.8,301194.67,1,1
283,24.7499,798201.71,499272.8,298928.91,1,1
284,24.8874,799863.27,499272.8,300590.47,1,1
285,24.6123,796540.16,499272.8,297267.36,1,1
286,24.2371,792008.64,499272.8,292735.84,1,1
287,24.4372,794425.45,499272.8,295152.65,1,1
288,24.5498,795784.9,499272.8,296512.11,1,1
289,24.3997,793972.3,499272.8,294699.5,1,1
290,24.2621,792310.74,499272.8,293037.95,1,1
291,24.4872,795029.65,499272.8,295756.85,1,1
292,24.3247,793065.99,499272.8,293793.2,1,1
293,24.1496,790951.29,499272.8,291678.49,1,1
294,24.1996,791555.49,499272.8,292282.69,1,1
295,23.987,788987.63,499272.8,289714.84,1,1
296,23.9119,788081.33,499272.8,288808.53,1,1
297,23.9119,788081.33,499272.8,288808.53,1,1
298,23.7118,785664.52,499272.8,286391.72,1,1
299,23.5368,783549.81,499272.8,284277.02,1,1
300,23.5118,783247.71,499272.8,283974.92,1,1
301,23.4117,782039.31,499272.8,282766.51,1,1
302,23.1616,779018.3,499272.8,279745.5,1,1
303,22.949,776450.44,499272.8,277177.64,1,1
304,23.962,788685.53,499272.8,289412.73,1,1
305,23.7869,786570.82,499272.8,287298.03,1,1
306,23.4617,782643.51,499272.8,283370.71,1,1
307,23.5493,783700.86,499272.8,284428.07,1,1
308,23.2741,780377.75,499272.8,281104.96,1,1
309,23.1116,778414.1,499272.8,279141.3,1,1
310,23.1741,779169.35,499272.8,279896.55,1,1
311,23.2866,780528.8,499272.8,281256.01,1,1
312,23.2366,779924.6,499272.8,280651.81,1,1
313,23.0865,778112.0,499272.8,278839.2,1,1
314,23.099,778263.05,499272.8,278990.25,1,1
315,23.0865,778112.0,499272.8,278839.2,1,1
316,23.0615,777809.89,499272.8,278537.1,1,1
317,22.9865,776903.59,499272.8,277630.8,1,1
318,22.9365,776299.39,499272.8,277026.59,1,1
319,22.7989,774637.83,499272.8,275365.04,1,1
320,22.3487,769200.02,499272.8,269927.22,1,1
321,22.1611,766934.26,499272.8,267661.46,1,1
322,21.9735,764668.5,499272.8,265395.71,1,1
323,22.7489,774033.63,499272.8,274760.84,1,1
324,22.7489,774033.63,499272.8,274760.84,1,1
325,22.6613,772976.28,499272.8,273703.48,1,1
326,22.5613,771767.88,499272.8,272495.08,1,1
327,22.4112,769955.27,499272.8,270682.47,1,1
328,22.2986,768595.81,499272.8,269323.02,1,1
329,22.2361,767840.56,499272.8,268567.77,1,1
330,22.1861,767236.36,499272.8,267963.56,1,1
331,21.986,764819.55,499272.8,265546.76,1,1
332,21.7734,762251.69,499272.8,262978.9,1,1
333,21.911,763913.25,499272.8,264640.45,1,1
334,21.9735,764668.5,499272.8,265395.71,1,1
335,21.8859,763611.15,499272.8,264338.35,1,1
336,21.2481,755907.57,499272.8,256634.78,1,1
337,20.2601,743974.59,499272.8,244701.79,1,1
338,20.11,742161.98,499272.8,242889.18,1,1
339,20.2976,744427.74,499272.8,245154.94,1,1
340,20.1976,743219.33,499272.8,243946.54,1,1
341,20.01,740953.58,499272.8,241680.78,1,1
342,19.8599,739140.97,499272.8,239868.17,1,1
343,19.9475,740198.32,499272.8,240925.53,1,1
344,19.8724,739292.02,499272.8,240019.22,1,1
345,19.8224,738687.82,499272.8,239415.02,1,1
346,20.1476,742615.13,499272.8,243342.34,1,1
347,20.7854,750318.71,499272.8,251045.91,1,1
348,20.4477,746240.34,499272.8,246967.55,1,1
349,20.1226,742313.03,499272.8,243040.23,1,1
350,20.085,741859.88,499272.8,242587.08,1,1
351,20.2476,743823.54,499272.8,244550.74,1,1
352,20.3227,744729.84,499272.8,245457.04,1,1
353,20.4352,746089.29,499272.8,246816.5,1,1
354,20.7979,750469.76,499272.8,251196.96,1,1
355,20.6228,748355.05,499272.8,249082.25,1,1
356,20.6978,749261.35,499272.8,249988.56,1,1
357,21.8234,762855.9,499272.8,263583.1,1,1
358,21.8109,762704.85,499272.8,263432.05,1,1
359,21.961,764517.45,499272.8,265244.66,1,1
360,21.8109,762704.85,499272.8,263432.05,1,1
361,21.5358,759381.74,499272.8,260108.94,1,1
362,22.4987,771012.62,499272.8,271739.83,1,1
363,22.7239,773731.53,499272.8,274458.74,1,1
364,22.2486,767991.61,499272.8,268718.82,1,1
365,21.961,764517.45,499272.8,265244.66,1,1
366,22.0735,765876.91,499272.8,266604.11,1,1
367,22.0985,766179.01,499272.8,266906.21,1,1
368,21.936,764215.35,499272.8,264942.56,1,1
369,21.5983,760136.99,499272.8,260864.19,1,1
370,21.4357,758173.33,499272.8,258900.54,1,1
371,21.5858,759985.94,499272.8,260713.14,1,1
372,21.5107,759079.63,499272.8,259806.84,1,1
373,21.0105,753037.61,499272.8,253764.82,1,1
374,20.7103,749412.4,499272.8,250139.61,1,1
375,20.6978,749261.35,499272.8,249988.56,1,1
376,20.7229,749563.45,499272.8,250290.66,1,1
377,20.8604,751225.01,499272.8,251952.21,1,1
378,20.0475,741406.73,499272.8,242133.93,1,1
379,20.11,742161.98,499272.8,242889.18,1,1
380,20.085,741859.88,499272.8,242587.08,1,1
381,19.9475,740198.32,499272.8,240925.53,1,1
382,20.5978,748052.95,499272.8,248780.15,1,1
383,20.6478,748657.15,499272.8,249384.35,1,1
384,20.5853,747901.9,499272.8,248629.1,1,1
385,20.5603,747599.8,499272.8,248327.0,1,1
386,22.1361,766632.16,499272.8,267359.36,1,1
387,23.1366,778716.2,499272.8,279443.4,1,1
388,22.9114,775997.29,499272.8,276724.49,1,1
389,24.7874,798654.86,499272.8,299382.07,1,1
390,25.2501,804243.73,499272.8,304970.93,1,1
391,25.0125,801373.77,499272.8,302100.97,1,1
392,24.8249,799108.01,499272.8,299835.22,1,1
393,23.9995,789138.68,499272.8,289865.89,1,1
394,24.3247,793065.99,499272.8,293793.2,1,1
395,24.1746,791253.39,499272.8,291980.59,1,1
396,25.9255,812400.46,499272.8,313127.66,1,1
397,27.3011,829016.01,499272.8,329743.21,1,1
398,27.0135,825541.85,499272.8,326269.05,1,1
399,27.989,837323.79,499272.8,338050.99,1,1
400,27.964,837021.69,499272.8,337748.89,1,1
401,27.6638,833396.47,499272.8,334123.68,1,1
402,27.1261,826901.3,499272.8,327628.51,1,1
403,26.4007,818140.37,499272.8,318867.58,1,1
404,28.064,838230.09,499272.8,338957.29,1,1
405,27.939,836719.58,499272.8,337446.79,1,1
406,27.4262,830526.51,499272.8,331253.72,1,1
407,27.6263,832943.32,499272.8,333670.53,1,1
408,27.3887,830073.36,499272.8,330800.57,1,1
409,27.2136,827958.66,499272.8,328685.86,1,1
410,27.4137,830375.46,499272.8,331102.67,1,1
411,29.8149,859377.16,499272.8,360104.36,1,1
412,30.9655,873273.8,499272.8,374001.01,1,1
413,31.4157,878711.62,499272.8,379438.82,1,1
414,32.1911,888076.75,499272.8,388803.95,1,1
415,32.1911,888076.75,499272.8,388803.95,1,1
416,31.0905,874784.31,499272.8,375511.51,1,1
417,30.2276,864361.82,499272.8,365089.03,1,1
418,29.7274,858319.8,499272.8,359047.01,1,1
419,30.978,873424.85,499272.8,374152.06,1,1
420,31.6658,881732.63,499272.8,382459.83,1,1
421,31.8784,884300.49,499272.8,385027.69,1,1
422,30.4777,867382.83,499272.8,368110.04,1,1
423,31.028,874029.06,499272.8,374756.26,1,1
424,30.6153,869044.39,499272.8,369771.59,1,1
425,29.915,860585.56,499272.8,361312.77,1,1
426,32.0785,886717.3,499272.8,387444.5,1,1
427,36.018,934298.2,499272.8,435025.4,1,1
428,39.2196,972967.12,499272.8,473694.33,1,1
429,39.8199,980217.55,499272.8,480944.75,1,1
430,40.9204,993509.99,499272.8,494237.2,1,1
431,40.2326,985202.21,499272.8,485929.42,1,1
432,38.2941,961789.39,499272.8,462516.59,1,1
433,37.8064,955898.42,499272.8,456625.62,1,1
434,36.6433,941850.72,499272.8,442577.93,1,1
435,38.3942,962997.79,499272.8,463725.0,1,1
436,38.8069,967982.46,499272.8,468709.66,1,1
437,38.6068,965565.65,499272.8,466292.85,1,1
438,37.6438,953934.76,499272.8,454661.97,1,1
439,37.2186,948799.05,499272.8,449526.25,1,1
440,37.5563,952877.41,499272.8,453604.61,1,1
441,38.1941,960580.98,499272.8,461308.19,1,1
442,38.1691,960278.88,499272.8,461006.09,1,1
443,37.8814,956804.72,499272.8,457531.93,1,1
444,37.1186,947590.64,499272.8,448317.85,1,1
445,36.7309,942908.08,499272.8,443635.28,1,1
446,36.2181,936715.01,499272.8,437442.21,1,1
447,34.8424,920099.45,499272.8,420826.66,1,1
448,35.6803,930219.84,499272.8,430947.04,1,1
449,36.4432,939433.92,499272.8,440161.12,1,1
450,36.1055,935355.55,499272.8,436082.76,1,1
451,35.6928,930370.89,499272.8,431098.09,1,1
452,34.6923,918286.85,499272.8,419014.05,1,1
453,34.067,910734.32,499272.8,411461.53,1,1
454,33.3792,902426.55,499272.8,403153.75,1,1
455,34.2671,913151.13,499272.8,413878.34,1,1
456,34.1045,911187.48,499272.8,411914.68,1,1
457,33.8294,907864.36,499272.8,408591.57,1,1
458,33.0915,898952.39,499272.8,399679.59,1,1
459,33.2541,900916.04,499272.8,401643.25,1,1
460,32.9665,897441.88,499272.8,398169.09,1,1
461,32.4037,890644.61,499272.8,391371.81,1,1
462,32.9039,896686.63,499272.8,397413.83,1,1
463,32.7664,895025.07,499272.8,395752.28,1,1
464,32.9665,897441.88,499272.8,398169.09,1,1
465,32.4537,891248.81,499272.8,391976.02,1,1
466,31.7909,883243.13,499272.8,383970.34,1,1
467,30.6653,869648.59,499272.8,370375.8,1,1
468,30.8779,872216.45,499272.8,372943.65,1,1
469,30.8904,872367.5,499272.8,373094.7,1,1
470,30.0025,861642.92,499272.8,362370.12,1,1
471,29.3647,853939.34,499272.8,354666.54,1,1
472,28.2141,840042.7,499272.8,340769.9,1,1
473,28.1891,839740.59,499272.8,340467.8,1,1
474,28.8644,847897.32,499272.8,348624.53,1,1
475,30.4902,867533.88,499272.8,368261.09,1,1
476,32.2286,888529.9,499272.8,389257.11,1,1
477,31.9034,884602.59,499272.8,385329.79,1,1
478,31.9159,884753.64,499272.8,385480.84,1,1
479,31.4157,878711.62,499272.8,379438.82,1,1
480,31.3532,877956.37,499272.8,378683.57,1,1
481,30.4027,866476.53,499272.8,367203.74,1,1
482,30.04,862096.07,499272.8,362823.27,1,1
483,29.7649,858772.96,499272.8,359500.16,1,1
484,29.1146,850918.33,499272.8,351645.53,1,1
485,29.2021,851975.68,499272.8,352702.89,1,1
486,29.1521,851371.48,499272.8,352098.69,1,1
487,29.1271,851069.38,499272.8,351796.59,1,1
488,29.1896,851824.63,499272.8,352551.84,1,1
489,28.7394,846386.82,499272.8,347114.02,1,1
490,28.5893,844574.21,499272.8,345301.41,1,1
491,29.0645,850314.13,499272.8,351041.33,1,1
492,28.8894,848199.42,499272.8,348926.63,1,1
493,29.2521,852579.89,499272.8,353307.09,1,1
494,29.4897,855449.85,499272.8,356177.05,1,1
495,29.2771,852881.99,499272.8,353609.19,1,1
496,28.8269,847444.17,499272.8,348171.37,1,1
497,28.5893,844574.21,499272.8,345301.41,1,1
498,28.3767,842006.35,499272.8,342733.56,1,1
499,26.7134,821916.64,499272.8,322643.84,1,1
500,26.6633,821312.44,499272.8,322039.64,1,1
501,26.1005,814515.16,499272.8,315242.37,1,1
502,25.938,812551.51,499272.8,313278.71,1,1
503,25.9004,812098.36,499272.8,312825.56,1,1
504,25.5628,808019.99,499272.8,308747.2,1,1
505,25.6628,809228.4,499272.8,309955.6,1,1
506,25.4877,807113.69,499272.8,307840.89,1,1
507,26.3382,817385.12,499272.8,318112.33,1,1
508,25.988,813155.71,499272.8,313882.91,1,1
509,26.0505,813910.96,499272.8,314638.17,1,1
510,26.1631,815270.42,499272.8,315997.62,1,1
511,26.038,813759.91,499272.8,314487.11,1,1
512,25.988,813155.71,499272.8,313882.91,1,1
513,26.088,814364.11,499272.8,315091.32,1,1
514,25.7754,810587.85,499272.8,311315.05,1,1
515,25.6503,809077.35,499272.8,309804.55,1,1
516,25.4252,806358.44,499272.8,307085.64,1,1
517,26.3382,817385.12,499272.8,318112.33,1,1
518,28.2891,840949.0,499272.8,341676.2,1,1
519,27.3136,829167.06,499272.8,329894.26,1,1
520,26.7259,822067.69,499272.8,322794.89,1,1
521,28.6643,845480.51,499272.8,346207.72,1,1
522,29.6648,857564.55,499272.8,358291.76,1,1
523,29.102,850767.28,499272.8,351494.48,1,1
524,29.2396,852428.84,499272.8,353156.04,1,1
525,28.4517,842912.65,499272.8,343639.86,1,1
526,27.9265,836568.53,499272.8,337295.74,1,1
527,27.9515,836870.64,499272.8,337597.84,1,1
528,27.6638,833396.47,499272.8,334123.68,1,1
529,27.5263,831734.92,499272.8,332462.12,1,1
530,28.4017,842308.45,499272.8,343035.66,1,1
531,28.5268,843818.96,499272.8,344546.16,1,1
532,28.4017,842308.45,499272.8,343035.66,1,1
533,28.5142,843667.91,499272.8,344395.11,1,1
534,28.5893,844574.21,499272.8,345301.41,1,1
535,27.9265,836568.53,499272.8,337295.74,1,1
536,29.0895,850616.23,499272.8,351343.43,1,1
537,28.8894,848199.42,499272.8,348926.63,1,1
538,31.4032,878560.57,499272.8,379287.77,1,1
539,29.6648,857564.55,499272.8,358291.76,1,1
540,26.2881,816780.92,499272.8,317508.12,1,1
541,25.8504,811494.15,499272.8,312221.36,1,1
542,26.4882,819197.73,499272.8,319924.93,1,1
543,26.9635,824937.65,499272.8,325664.85,1,1
544,27.964,837021.69,499272.8,337748.89,1,1
545,28.9144,848501.52,499272.8,349228.73,1,1
546,28.8769,848048.37,499272.8,348775.58,1,1
547,29.6273,857111.4,499272.8,357838.6,1,1
548,29.4272,854694.59,499272.8,355421.8,1,1
549,28.7644,846688.92,499272.8,347416.12,1,1
550,27.8764,835964.33,499272.8,336691.54,1,1
551,27.8764,835964.33,499272.8,336691.54,1,1
552,27.2136,827958.66,499272.8,328685.86,1,1
553,26.6883,821614.54,499272.8,322341.74,1,1
554,26.8009,822973.99,499272.8,323701.19,1,1
555,27.051,825995.0,499272.8,326722.2,1,1
556,27.0135,825541.85,499272.8,326269.05,1,1
557,26.8259,823276.09,499272.8,324003.3,1,1
558,28.7394,846386.82,499272.8,347114.02,1,1
559,28.4642,843063.71,499272.8,343790.91,1,1
560,28.4767,843214.76,499272.8,343941.96,1,1
561,27.8764,835964.33,499272.8,336691.54,1,1
562,27.2761,828713.91,499272.8,329441.11,1,1
563,26.926,824484.5,499272.8,325211.7,1,1
564,27.2261,828109.71,499272.8,328836.91,1,1
565,26.8759,823880.29,499272.8,324607.5,1,1
566,27.1886,827656.56,499272.8,328383.76,1,1
567,27.101,826599.2,499272.8,327326.41,1,1
568,26.9885,825239.75,499272.8,325966.95,1,1
569,27.0135,825541.85,499272.8,326269.05,1,1
570,27.5638,832188.07,499272.8,332915.27,1,1
571,27.7514,834453.83,499272.8,335181.03,1,1
572,27.9139,836417.48,499272.8,337144.69,1,1
573,28.0515,838079.04,499272.8,338806.24,1,1
574,28.0765,838381.14,499272.8,339108.34,1,1
575,28.4017,842308.45,499272.8,343035.66,1,1
576,28.7519,846537.87,499272.8,347265.07,1,1
577,28.4392,842761.6,499272.8,343488.81,1,1
578,27.964,837021.69,499272.8,337748.89,1,1
579,27.7013,833849.63,499272.8,334576.83,1,1
580,27.1386,827052.35,499272.8,327779.56,1,1
581,27.076,826297.1,499272.8,327024.31,1,1
582,26.6383,821010.33,499272.8,321737.54,1,1
583,26.7634,822520.84,499272.8,323248.04,1,1
584,26.8259,823276.09,499272.8,324003.3,1,1
585,26.9635,824937.65,499272.8,325664.85,1,1
586,26.8884,824031.34,499272.8,324758.55,1,1
587,26.926,824484.5,499272.8,325211.7,1,1
588,26.7759,822671.89,499272.8,323399.09,1,1
589,26.5383,819801.93,499272.8,320529.13,1,1
590,26.8259,823276.09,499272.8,324003.3,1,1
591,26.7759,822671.89,499272.8,323399.09,1,1
592,26.6383,821010.33,499272.8,321737.54,1,1
593,26.3257,817234.07,499272.8,317961.28,1,1
594,26.2506,816327.77,499272.8,317054.97,1,1
595,26.2506,816327.77,499272.8,317054.97,1,1
596,26.2256,816025.67,499272.8,316752.87,1,1
597,26.6133,820708.23,499272.8,321435.44,1,1
598,27.1511,827203.4,499272.8,327930.61,1,1
599,26.8759,823880.29,499272.8,324607.5,1,1
600,27.0635,826146.05,499272.8,326873.25,1,1
601,28.2391,840344.8,499272.8,341072.0,1,1
602,27.8764,835964.33,499272.8,336691.54,1,1
603,27.8014,835058.03,499272.8,335785.23,1,1
604,27.3512,829620.21,499272.8,330347.42,1,1
605,27.0135,825541.85,499272.8,326269.05,1,1
606,26.976,825088.7,499272.8,325815.9,1,1
607,26.8384,823427.14,499272.8,324154.35,1,1
608,26.9385,824635.55,499272.8,325362.75,1,1
609,27.0135,825541.85,499272.8,326269.05,1,1
610,27.1386,827052.35,499272.8,327779.56,1,1
611,27.3887,830073.36,499272.8,330800.57,1,1
612,27.4387,830677.57,499272.8,331404.77,1,1
613,27.7389,834302.78,499272.8,335029.98,1,1
614,27.6013,832641.22,499272.8,333368.43,1,1
615,27.5513,832037.02,499272.8,332764.22,1,1
616,27.8264,835360.13,499272.8,336087.33,1,1
617,27.989,837323.79,499272.8,338050.99,1,1
618,28.2891,840949.0,499272.8,341676.2,1,1
619,28.4017,842308.45,499272.8,343035.66,1,1
620,28.4892,843365.81,499272.8,344093.01,1,1
621,29.002,849558.88,499272.8,350286.08,1,1
622,29.7274,858319.8,499272.8,359047.01,1,1
623,32.066,886566.25,499272.8,387293.45,1,1
624,31.8159,883545.24,499272.8,384272.44,1,1
625,32.0035,885810.99,499272.8,386538.2,1,1
626,32.5913,892910.37,499272.8,393637.57,1,1
627,31.7033,882185.78,499272.8,382912.99,1,1
628,31.2156,876294.81,499272.8,377022.02,1,1
629,31.1406,875388.51,499272.8,376115.71,1,1
630,31.5157,879920.02,499272.8,380647.23,1,1
631,32.1661,887774.65,499272.8,388501.85,1,1
632,31.966,885357.84,499272.8,386085.05,1,1
633,32.091,886868.35,499272.8,387595.55,1,1
634,33.4167,902879.7,499272.8,403606.9,1,1
635,32.1661,887774.65,499272.8,388501.85,1,1
636,31.7158,882336.83,499272.8,383064.04,1,1
637,31.2406,876596.91,499272.8,377324.12,1,1
638,30.1401,863304.47,499272.8,364031.67,1,1
639,29.5648,856356.15,499272.8,357083.35,1,1
640,29.0645,850314.13,499272.8,351041.33,1,1
641,29.4022,854392.49,499272.8,355119.7,1,1
642,29.3397,853637.24,499272.8,354364.44,1,1
643,29.7399,858470.86,499272.8,359198.06,1,1
644,29.7899,859075.06,499272.8,359802.26,1,1
645,29.5523,856205.1,499272.8,356932.3,1,1
646,29.7899,859075.06,499272.8,359802.26,1,1
647,29.8274,859528.21,499272.8,360255.41,1,1
648,29.6148,856960.35,499272.8,357687.55,1,1
649,29.4397,854845.64,499272.8,355572.85,1,1
650,29.052,850163.08,499272.8,350890.28,1,1
651,29.0895,850616.23,499272.8,351343.43,1,1
652,29.2646,852730.94,499272.8,353458.14,1,1
653,29.2896,853033.04,499272.8,353760.24,1,1
654,29.9525,861038.71,499272.8,361765.92,1,1
655,29.9024,860434.51,499272.8,361161.72,1,1
656,30.0775,862549.22,499272.8,363276.42,1,1
657,30.1526,863455.52,499272.8,364182.73,1,1
658,29.7524,858621.91,499272.8,359349.11,1,1
659,29.7274,858319.8,499272.8,359047.01,1,1
660,30.0025,861642.92,499272.8,362370.12,1,1
661,29.7274,858319.8,499272.8,359047.01,1,1
662,29.6523,857413.5,499272.8,358140.71,1,1
663,29.6148,856960.35,499272.8,357687.55,1,1
664,29.5273,855903.0,499272.8,356630.2,1,1
665,29.8399,859679.26,499272.8,360406.46,1,1
666,29.8649,859981.36,499272.8,360708.56,1,1
667,29.4897,855449.85,499272.8,356177.05,1,1
668,28.9895,849407.83,499272.8,350135.03,1,1
669,28.9645,849105.72,499272.8,349832.93,1,1
670,28.9645,849105.72,499272.8,349832.93,1,1
671,29.002,849558.88,499272.8,350286.08,1,1
672,28.4642,843063.71,499272.8,343790.91,1,1
673,28.6893,845782.61,499272.8,346509.82,1,1
674,28.5393,843970.01,499272.8,344697.21,1,1
675,27.6638,833396.47,499272.8,334123.68,1,1
676,27.3136,829167.06,499272.8,329894.26,1,1
677,27.101,826599.2,499272.8,327326.41,1,1
678,26.9635,824937.65,499272.8,325664.85,1,1
679,27.3011,829016.01,499272.8,329743.21,1,1
680,27.5012,831432.82,499272.8,332160.02,1,1
681,27.1136,826750.25,499272.8,327477.46,1,1
682,27.076,826297.1,499272.8,327024.31,1,1
683,27.3136,829167.06,499272.8,329894.26,1,1
684,27.2261,828109.71,499272.8,328836.91,1,1
685,27.0135,825541.85,499272.8,326269.05,1,1
686,27.0635,826146.05,499272.8,326873.25,1,1
687,26.8509,823578.19,499272.8,324305.4,1,1
688,26.9009,824182.39,499272.8,324909.6,1,1
689,26.7634,822520.84,499272.8,323248.04,1,1
690,27.1511,827203.4,499272.8,327930.61,1,1
691,27.6263,832943.32,499272.8,333670.53,1,1
692,27.5638,832188.07,499272.8,332915.27,1,1
693,27.7389,834302.78,499272.8,335029.98,1,1
694,27.6888,833698.58,499272.8,334425.78,1,1
695,27.5638,832188.07,499272.8,332915.27,1,1
696,27.4137,830375.46,499272.8,331102.67,1,1
697,27.1636,827354.45,499272.8,328081.66,1,1
698,26.9635,824937.65,499272.8,325664.85,1,1
699,27.1136,826750.25,499272.8,327477.46,1,1
700,28.4392,842761.6,499272.8,343488.81,1,1
701,28.9645,849105.72,499272.8,349832.93,1,1
702,28.6518,845329.46,499272.8,346056.67,1,1
703,28.3642,841855.3,499272.8,342582.51,1,1
704,28.6518,845329.46,499272.8,346056.67,1,1
705,28.5142,843667.91,499272.8,344395.11,1,1
706,28.2266,840193.75,499272.8,340920.95,1,1
707,28.0765,838381.14,499272.8,339108.34,1,1
708,27.8764,835964.33,499272.8,336691.54,1,1
709,27.8014,835058.03,499272.8,335785.23,1,1
710,28.064,838230.09,499272.8,338957.29,1,1
711,28.0015,837474.84,499272.8,338202.04,1,1
712,28.2516,840495.85,499272.8,341223.05,1,1
713,28.1641,839438.49,499272.8,340165.7,1,1
714,28.1766,839589.54,499272.8,340316.75,1,1
715,28.6018,844725.26,499272.8,345452.46,1,1
716,28.5518,844121.06,499272.8,344848.26,1,1
717,28.4267,842610.55,499272.8,343337.76,1,1
718,28.5017,843516.86,499272.8,344244.06,1,1
719,28.4642,843063.71,499272.8,343790.91,1,1
720,28.4267,842610.55,499272.8,343337.76,1,1
721,29.027,849860.98,499272.8,350588.18,1,1
722,28.9144,848501.52,499272.8,349228.73,1,1
723,28.8019,847142.07,499272.8,347869.27,1,1
724,29.3397,853637.24,499272.8,354364.44,1,1
725,29.3522,853788.29,499272.8,354515.49,1,1
726,29.7023,858017.7,499272.8,358744.91,1,1
727,29.4772,855298.79,499272.8,356026.0,1,1
728,29.2146,852126.73,499272.8,352853.94,1,1
729,29.0145,849709.93,499272.8,350437.13,1,1
730,28.977,849256.78,499272.8,349983.98,1,1
731,29.052,850163.08,499272.8,350890.28,1,1
732,28.7644,846688.92,499272.8,347416.12,1,1
733,28.6018,844725.26,499272.8,345452.46,1,1
734,28.8519,847746.27,499272.8,348473.47,1,1
735,28.2516,840495.85,499272.8,341223.05,1,1
736,29.0395,850012.03,499272.8,350739.23,1,1
737,28.8144,847293.12,499272.8,348020.32,1,1
738,28.8144,847293.12,499272.8,348020.32,1,1
739,28.977,849256.78,499272.8,349983.98,1,1
740,29.1271,851069.38,499272.8,351796.59,1,1
741,29.077,850465.18,499272.8,351192.38,1,1
742,29.1396,851220.43,499272.8,351947.64,1,1
743,29.052,850163.08,499272.8,350890.28,1,1
744,29.2771,852881.99,499272.8,353609.19,1,1
745,30.4652,867231.78,499272.8,367958.99,1,1
746,31.053,874331.16,499272.8,375058.36,1,1
747,30.6028,868893.34,499272.8,369620.54,1,1
748,30.7154,870252.79,499272.8,370980.0,1,1
749,29.8399,859679.26,499272.8,360406.46,1,1
750,29.6148,856960.35,499272.8,357687.55,1,1
751,29.965,861189.76,499272.8,361916.97,1,1
752,29.7274,858319.8,499272.8,359047.01,1,1
753,29.6773,857715.6,499272.8,358442.81,1,1
754,29.7274,858319.8,499272.8,359047.01,1,1
755,30.3277,865570.23,499272.8,366297.43,1,1
756,30.6278,869195.44,499272.8,369922.64,1,1
757,30.2151,864210.77,499272.8,364937.98,1,1
758,29.9525,861038.71,499272.8,361765.92,1,1
759,29.6898,857866.65,499272.8,358593.86,1,1
760,29.2521,852579.89,499272.8,353307.09,1,1
761,29.002,849558.88,499272.8,350286.08,1,1
762,29.102,850767.28,499272.8,351494.48,1,1
763,29.3146,853335.14,499272.8,354062.34,1,1
764,29.5523,856205.1,499272.8,356932.3,1,1
765,29.6523,857413.5,499272.8,358140.71,1,1
766,29.2271,852277.79,499272.8,353004.99,1,1
767,29.1771,851673.58,499272.8,352400.79,1,1
768,29.2146,852126.73,499272.8,352853.94,1,1
769,29.3772,854090.39,499272.8,354817.6,1,1
770,29.2771,852881.99,499272.8,353609.19,1,1
771,29.2271,852277.79,499272.8,353004.99,1,1
772,29.1896,851824.63,499272.8,352551.84,1,1
773,28.8644,847897.32,499272.8,348624.53,1,1
774,28.5643,844272.11,499272.8,344999.31,1,1
775,28.3892,842157.4,499272.8,342884.61,1,1
776,27.9515,836870.64,499272.8,337597.84,1,1
777,28.014,837625.89,499272.8,338353.09,1,1
778,27.7889,834906.98,499272.8,335634.18,1,1
779,27.8139,835209.08,499272.8,335936.28,1,1
780,27.8639,835813.28,499272.8,336540.49,1,1
781,27.7138,834000.68,499272.8,334727.88,1,1
782,27.6638,833396.47,499272.8,334123.68,1,1
783,27.8139,835209.08,499272.8,335936.28,1,1
784,27.9014,836266.43,499272.8,336993.64,1,1
785,27.8889,836115.38,499272.8,336842.59,1,1
786,27.8389,835511.18,499272.8,336238.39,1,1
787,27.7514,834453.83,499272.8,335181.03,1,1
788,27.8264,835360.13,499272.8,336087.33,1,1
789,27.7639,834604.88,499272.8,335332.08,1,1
790,26.926,824484.5,499272.8,325211.7,1,1
791,26.6258,820859.28,499272.8,321586.49,1,1
792,27.1136,826750.25,499272.8,327477.46,1,1
793,27.1511,827203.4,499272.8,327930.61,1,1
794,27.026,825692.9,499272.8,326420.1,1,1
795,27.2511,828411.81,499272.8,329139.01,1,1
796,26.976,825088.7,499272.8,325815.9,1,1
797,26.6758,821463.49,499272.8,322190.69,1,1
798,26.8384,823427.14,499272.8,324154.35,1,1
799,26.9385,824635.55,499272.8,325362.75,1,1
800,26.7008,821765.59,499272.8,322492.79,1,1
801,26.6508,821161.38,499272.8,321888.59,1,1
802,26.6883,821614.54,499272.8,322341.74,1,1
803,26.7634,822520.84,499272.8,323248.04,1,1
804,27.8514,835662.23,499272.8,336389.44,1,1
805,27.4012,830224.41,499272.8,330951.62,1,1
806,27.4387,830677.57,499272.8,331404.77,1,1
807,28.9645,849105.72,499272.8,349832.93,1,1
808,29.5273,855903.0,499272.8,356630.2,1,1
809,29.8149,859377.16,499272.8,360104.36,1,1
810,29.6398,857262.45,499272.8,357989.66,1,1
811,29.0145,849709.93,499272.8,350437.13,1,1
812,28.7644,846688.92,499272.8,347416.12,1,1
813,28.8519,847746.27,499272.8,348473.47,1,1
814,29.1771,851673.58,499272.8,352400.79,1,1
815,28.5893,844574.21,499272.8,345301.41,1,1
816,28.4642,843063.71,499272.8,343790.91,1,1
817,29.4897,855449.85,499272.8,356177.05,1,1
818,30.8279,871612.25,499272.8,372339.45,1,1
819,30.04,862096.07,499272.8,362823.27,1,1
820,29.5022,855600.9,499272.8,356328.1,1,1
821,29.4272,854694.59,499272.8,355421.8,1,1
822,29.2146,852126.73,499272.8,352853.94,1,1
823,29.052,850163.08,499272.8,350890.28,1,1
824,28.6143,844876.31,499272.8,345603.52,1,1
825,29.4522,854996.69,499272.8,355723.9,1,1
826,29.1771,851673.58,499272.8,352400.79,1,1
827,29.3021,853184.09,499272.8,353911.29,1,1
828,29.3272,853486.19,499272.8,354213.39,1,1
829,29.3772,854090.39,499272.8,354817.6,1,1
830,29.5523,856205.1,499272.8,356932.3,1,1
831,29.5022,855600.9,499272.8,356328.1,1,1
832,29.8774,860132.41,499272.8,360859.61,1,1
833,30.7779,871008.05,499272.8,371735.25,1,1
834,31.5533,880373.18,499272.8,381100.38,1,1
835,30.0025,861642.92,499272.8,362370.12,1,1
836,29.4647,855147.74,499272.8,355874.95,1,1
837,29.7023,858017.7,499272.8,358744.91,1,1
838,30.3277,865570.23,499272.8,366297.43,1,1
839,30.6528,869497.54,499272.8,370224.74,1,1
840,30.1025,862851.32,499272.8,363578.52,1,1
841,29.4272,854694.59,499272.8,355421.8,1,1
842,29.4522,854996.69,499272.8,355723.9,1,1
843,29.5523,856205.1,499272.8,356932.3,1,1
844,29.4897,855449.85,499272.8,356177.05,1,1
845,29.94,860887.66,499272.8,361614.87,1,1
846,29.8149,859377.16,499272.8,360104.36,1,1
847,29.5022,855600.9,499272.8,356328.1,1,1
848,29.3647,853939.34,499272.8,354666.54,1,1
849,29.1771,851673.58,499272.8,352400.79,1,1
850,28.0265,837776.94,499272.8,338504.14,1,1
851,27.8514,835662.23,499272.8,336389.44,1,1
852,26.3882,817989.32,499272.8,318716.53,1,1
853,26.8509,823578.19,499272.8,324305.4,1,1
854,27.7889,834906.98,499272.8,335634.18,1,1
855,28.014,837625.89,499272.8,338353.09,1,1
856,28.1891,839740.59,499272.8,340467.8,1,1
857,28.5643,844272.11,499272.8,344999.31,1,1
858,29.4272,854694.59,499272.8,355421.8,1,1
859,29.2646,852730.94,499272.8,353458.14,1,1
860,28.927,848652.57,499272.8,349379.78,1,1
861,29.1396,851220.43,499272.8,351947.64,1,1
862,29.2396,852428.84,499272.8,353156.04,1,1
863,29.5648,856356.15,499272.8,357083.35,1,1
864,30.5152,867835.99,499272.8,368563.19,1,1
865,30.1651,863606.57,499272.8,364333.78,1,1
866,30.1401,863304.47,499272.8,364031.67,1,1
867,29.99,861491.86,499272.8,362219.07,1,1
868,32.9665,897441.88,499272.8,398169.09,1,1
869,31.3782,878258.47,499272.8,378985.67,1,1
870,30.6403,869346.49,499272.8,370073.69,1,1
871,30.7404,870554.89,499272.8,371282.1,1,1
872,30.4777,867382.83,499272.8,368110.04,1,1
873,30.6028,868893.34,499272.8,369620.54,1,1
874,31.078,874633.26,499272.8,375360.46,1,1
875,31.1281,875237.46,499272.8,375964.66,1,1
876,30.065,862398.17,499272.8,363125.37,1,1
877,30.04,862096.07,499272.8,362823.27,1,1
878,28.7269,846235.77,499272.8,346962.97,1,1
879,25.6628,809228.4,499272.8,309955.6,1,1
880,23.8244,787023.97,499272.8,287751.18,1,1
881,22.8739,775544.14,499272.8,276271.34,1,1
882,20.7229,749563.45,499272.8,250290.66,1,1
883,21.2731,756209.68,499272.8,256936.88,1,1
884,20.6603,748808.2,499272.8,249535.41,1,1
885,22.8239,774939.94,499272.8,275667.14,1,1
886,24.7374,798050.66,499272.8,298777.86,1,1
887,25.1126,802582.17,499272.8,303309.38,1,1
888,25.1876,803488.48,499272.8,304215.68,1,1
889,24.5748,796087.0,499272.8,296814.21,1,1
890,25.025,801524.82,499272.8,302252.03,1,1
891,24.8624,799561.16,499272.8,300288.37,1,1
892,26.5258,819650.88,499272.8,320378.08,1,1
893,27.5388,831885.97,499272.8,332613.17,1,1
894,29.4272,854694.59,499272.8,355421.8,1,1
895,29.8774,860132.41,499272.8,360859.61,1,1
896,30.0525,862247.12,499272.8,362974.32,1,1
897,31.1281,875237.46,499272.8,375964.66,1,1
898,31.7909,883243.13,499272.8,383970.34,1,1
899,34.7173,918588.95,499272.8,419316.15,1,1
900,38.1691,960278.88,499272.8,461006.09,1,1
901,41.971,1006198.23,499272.8,506925.44,1,1
902,45.948,1054232.29,499272.8,554959.49,1,1
903,46.6483,1062691.11,499272.8,563418.32,1,1
904,50.5753,1110120.97,499272.8,610848.17,1,1
905,54.7774,1160873.93,499272.8,661601.14,1,1
906,55.5027,1169634.86,499272.8,670362.06,1,1
907,51.8259,1125226.02,499272.8,625953.22,1,1
908,52.9515,1138820.56,499272.8,639547.76,1,1
909,55.4027,1168426.46,499272.8,669153.66,1,1
910,60.2051,1226429.84,499272.8,727157.05,1,1
911,67.3086,1312226.52,499272.8,812953.72,1,1
912,69.6098,1340019.81,499272.8,840747.01,1,1
913,72.5362,1375365.62,499272.8,876092.83,1,1
914,75.8379,1415242.95,499272.8,915970.16,1,1
915,73.0365,1381407.64,499272.8,882134.85,1,1
916,72.036,1369323.6,499272.8,870050.81,1,1
917,77.964,1440921.53,499272.8,941648.74,1,1
918,87.1435,1551792.59,499272.8,1052519.8,1,1
919,95.8479,1656923.73,499272.8,1157650.94,1,1
920,105.0525,1768096.89,499272.8,1268824.1,0,1
921,115.5578,1894979.3,499272.8,1395706.5,0,1
922,124.8124,2006756.66,499272.8,1507483.87,0,1
923,115.4327,1893468.8,499272.8,1394196.0,0,1
924,121.0605,1961441.51,499272.8,1462168.72,1,1
925,132.3161,2097386.95,499272.8,1598114.16,1,1
926,126.8134,2030924.74,499272.8,1531651.94,1,1
927,124.9374,2008267.17,499272.8,1508994.37,1,1
928,132.1911,2095876.45,499272.8,1596603.65,1,1
929,141.4457,2207653.81,499272.8,1708381.01,1,1
930,136.9434,2153275.63,499272.8,1654002.84,1,1
931,141.8209,2212185.32,499272.8,1712912.53,1,1
932,151.8259,2333025.71,499272.8,1833752.92,1,1
933,151.3256,2326983.69,499272.8,1827710.9,1,1
934,158.3291,2411571.97,499272.8,1912299.17,1,1
935,174.5872,2607937.6,499272.8,2108664.81,0,1
936,189.7198,2790708.69,499272.8,2291435.9,0,1
937,208.104,3012752.91,499272.8,2513480.11,0,1
938,202.101,2940248.67,499272.8,2440975.88,0,1
939,172.5862,2583769.52,499272.8,2084496.73,0,1
940,189.5947,2764807.28,2764807.28,0.0,-1,0
941,208.104,2764116.51,1381889.74,1382226.77,-1,-1
942,228.6142,2626505.89,1381889.74,1244616.15,-1,-1
943,245.3726,2515196.77,1381889.74,1133307.02,-1,-1
944,259.3796,2422162.27,1381889.74,1040272.53,-1,-1
945,243.6218,2526826.08,1381889.74,1144936.34,-1,-1
946,229.2396,2622352.57,1381889.74,1240462.83,-1,-1
947,238.6192,2560052.68,1381889.74,1178162.94,-1,-1
948,247.2486,2502736.79,1381889.74,1120847.05,-1,-1
949,266.8834,2372322.37,1381889.74,990432.62,-1,-1
950,291.5207,2208681.34,1381889.74,826791.59,-1,-1
951,320.4101,2016797.69,1381889.74,634907.95,-1,-1
952,352.5512,1803316.75,1381889.74,421427.01,-1,-1
953,388.8193,1562423.87,1381889.74,180534.13,-1,-1
954,420.4601,1352265.59,1381889.74,-29624.15,-1,-1
955,456.8533,1110542.04,1381889.74,-271347.7,-1,-1
956,408.9544,1428686.78,1381889.74,46797.04,-1,-1
957,364.6822,1722742.24,1381889.74,340852.5,-1,-1
958,328.6642,1961973.79,1381889.74,580084.05,-1,-1
959,296.148,2177946.73,1381889.74,796056.98,-1,-1
960,277.5137,2301715.83,1381889.74,919826.09,-1,-1
961,243.9969,2524334.08,1381889.74,1142444.34,-1,-1
962,216.108,2709572.41,1381889.74,1327682.66,0,-1
963,199.9749,2809837.02,2809837.02,0.0,1,0
964,210.2301,2807729.53,1402972.25,1404757.28,1,1
965,219.9849,2866258.02,2866258.02,0.0,-1,0
966,213.6068,2865541.84,1432454.15,1433087.69,-1,-1
967,194.3471,2993322.29,1432454.15,1560868.14,-1,-1
968,170.5852,3152740.71,1432454.15,1720286.56,-1,-1
969,159.4547,3227415.65,1432454.15,1794961.5,0,-1
970,168.5842,3166165.42,1432454.15,1733711.27,-1,-1
971,185.0925,3055411.57,1432454.15,1622957.42,-1,-1
972,198.9744,2962277.65,1432454.15,1529823.5,-1,-1
973,209.8549,2889280.79,1432454.15,1456826.64,-1,-1
974,226.7383,2776009.81,1432454.15,1343555.66,-1,-1
975,224.9874,2787756.43,1432454.15,1355302.28,-1,-1
976,223.6117,2796985.92,1432454.15,1364531.77,-1,-1
977,242.6212,2669451.18,1432454.15,1236997.03,-1,-1
978,252.0009,2606522.86,1432454.15,1174068.71,-1,-1
979,273.3866,2463046.28,1432454.15,1030592.13,-1,-1
980,270.5102,2482344.3,1432454.15,1049890.15,-1,-1
981,275.6378,2447943.49,1432454.15,1015489.34,-1,-1
982,277.8889,2432840.69,1432454.15,1000386.54,-1,-1
983,302.0259,2270905.14,1432454.15,838450.99,-1,-1
984,331.0404,2076246.86,1432454.15,643792.7,-1,-1
985,315.6577,2179449.31,1432454.15,746995.16,-1,-1
986,292.8964,2332155.37,1432454.15,899701.22,-1,-1
987,298.6492,2293559.33,1432454.15,861105.18,-1,-1
988,300.6502,2280134.62,1432454.15,847680.47,-1,-1
989,323.9119,2124072.38,1432454.15,691618.23,-1,-1
990,324.9124,2117360.03,1432454.15,684905.88,-1,-1
991,323.5367,2126589.51,1432454.15,694135.36,-1,-1
992,336.168,2041846.04,1432454.15,609391.89,-1,-1
993,331.2906,2074568.77,1432454.15,642114.62,-1,-1
994,331.7908,2071212.59,1432454.15,638758.44,-1,-1
995,310.6553,2213011.08,1432454.15,780556.93,-1,-1
996,298.3991,2295237.42,1432454.15,862783.27,-1,-1
997,288.6442,2360682.88,1432454.15,928228.73,-1,-1
998,298.149,2296915.51,1432454.15,864461.36,-1,-1
999,304.4021,2254963.29,1432454.15,822509.14,-1,-1
1000,302.151,2270066.09,1432454.15,837611.94,-1,-1
1001,305.2776,2249089.98,1432454.15,816635.83,-1,-1
1002,311.0304,2210493.95,1432454.15,778039.79,-1,-1
1003,326.2881,2108130.54,1432454.15,675676.39,-1,-1
1004,325.7878,2111486.72,1432454.15,679032.57,-1,-1
1005,332.5412,2066178.32,1432454.15,633724.17,-1,-1
1006,359.5547,1884944.75,1432454.15,452490.6,-1,-1
1007,364.4321,1852222.02,1432454.15,419767.87,-1,-1
1008,337.9189,2030099.42,1432454.15,597645.27,-1,-1
1009,338.6692,2025065.15,1432454.15,592611.0,-1,-1
1010,345.6727,1978078.67,1432454.15,545624.52,-1,-1
1011,352.4261,1932770.28,1432454.15,500316.13,-1,-1
1012,349.0494,1955424.47,1432454.15,522970.32,-1,-1
1013,335.0424,2049397.44,1432454.15,616943.29,-1,-1
1014,339.9199,2016674.71,1432454.15,584220.56,-1,-1
1015,342.7963,1997376.69,1432454.15,564922.54,-1,-1
1016,343.7968,1990664.34,1432454.15,558210.18,-1,-1
1017,340.5452,2012479.49,1432454.15,580025.34,-1,-1
1018,348.0489,1962136.83,1432454.15,529682.68,-1,-1
1019,351.6758,1937804.54,1432454.15,505350.39,-1,-1
1020,350.175,1947873.08,1432454.15,515418.93,-1,-1
1021,348.0489,1962136.83,1432454.15,529682.68,-1,-1
1022,340.9204,2009962.35,1432454.15,577508.2,-1,-1
1023,345.5477,1978917.71,1432454.15,546463.56,-1,-1
1024,346.2981,1973883.45,1432454.15,541429.3,-1,-1
1025,350.6752,1944516.9,1432454.15,512062.75,-1,-1
1026,349.1745,1954585.43,1432454.15,522131.28,-1,-1
1027,344.9224,1983112.94,1432454.15,550658.79,-1,-1
1028,345.0474,1982273.89,1432454.15,549819.74,0,-1
1029,326.4131,2107291.49,1432454.15,674837.34,0,-1
1030,321.6608,2126710.15,2126710.15,0.0,1,0
1031,308.4041,2125115.28,1062046.26,1063069.02,1,1
1032,295.3976,2080281.88,1062046.26,1018235.61,0,1
1033,294.147,2075970.97,1062046.26,1013924.71,1,1
1034,290.145,2062176.08,1062046.26,1000129.82,0,1
1035,283.3916,2038897.19,1062046.26,976850.93,1,1
1036,285.1425,2044932.46,1062046.26,982886.2,0,1
1037,293.3966,2073384.43,1062046.26,1011338.17,0,1
1038,296.148,2078053.66,2078053.66,0.0,-1,0
1039,287.7688,2076495.13,1037649.72,1038845.41,1,1
1040,276.138,2034507.9,1037649.72,996858.18,1,1
1041,278.3891,2042634.46,1037649.72,1004984.74,1,1
1042,266.3831,1999292.8,1037649.72,961643.08,1,1
1043,266.3831,1999292.8,1037649.72,961643.08,1,1
1044,265.5077,1996132.47,1037649.72,958482.75,1,1
1045,275.0124,2030444.62,1037649.72,992794.9,0,1
1046,284.8924,2066111.19,1037649.72,1028461.47,0,1
1047,284.142,2063402.34,1037649.72,1025752.62,0,1
1048,275.7628,2033153.47,1037649.72,995503.75,0,1
1049,277.8889,2040828.56,1037649.72,1003178.84,0,1
1050,276.0129,2034056.42,1037649.72,996406.7,0,1
1051,278.2641,2042182.98,1037649.72,1004533.27,0,1
1052,280.2651,2049406.59,1037649.72,1011756.88,0,1
1053,290.3951,2085976.12,1037649.72,1048326.4,0,1
1054,289.3946,2082364.31,1037649.72,1044714.6,0,1
1055,277.1385,2038119.7,1037649.72,1000469.99,0,1
1056,269.8849,2011934.12,1037649.72,974284.4,1,1
1057,262.2561,1984394.1,1037649.72,946744.39,1,1
1058,264.6322,1992972.14,1037649.72,955322.42,1,1
1059,258.7543,1971752.79,1037649.72,934103.07,1,1
1060,239.6198,1902677.02,1037649.72,865027.3,1,1
1061,235.3676,1887326.84,1037649.72,849677.13,1,1
1062,220.4852,1833601.25,1037649.72,795951.53,1,1
1063,230.8654,1871073.72,1037649.72,833424.0,1,1
1064,242.9964,1914866.86,1037649.72,877217.14,1,1
1065,228.3641,1862044.21,1037649.72,824394.49,1,1
1066,243.4967,1916672.76,1037649.72,879023.04,0,1
1067,246.123,1926153.75,1037649.72,888504.03,0,1
1068,241.2456,1908546.2,1037649.72,870896.48,0,1
1069,234.8674,1885520.94,1037649.72,847871.22,0,1
1070,237.1185,1893647.5,1037649.72,855997.78,1,1
1071,235.3676,1887326.84,1037649.72,849677.13,1,1
1072,228.114,1861141.26,1037649.72,823491.54,1,1
1073,230.8654,1871073.72,1037649.72,833424.0,1,1
1074,243.1215,1915318.33,1037649.72,877668.61,0,1
1075,245.3726,1923444.89,1037649.72,885795.18,0,1
1076,245.7478,1924799.32,1037649.72,887149.6,0,1
1077,247.1235,1929765.55,1037649.72,892115.84,0,1
1078,232.6162,1877394.38,1037649.72,839744.66,1,1
1079,230.8654,1871073.72,1037649.72,833424.0,1,1
1080,227.3636,1858432.4,1037649.72,820782.69,1,1
1081,226.7383,1856175.03,1037649.72,818525.31,1,1
1082,223.6117,1844888.14,1037649.72,807238.42,1,1
1083,215.4827,1815542.22,1037649.72,777892.5,1,1
1084,214.2321,1811027.46,1037649.72,773377.75,1,1
1085,205.2276,1778521.22,1037649.72,740871.5,1,1
1086,192.4712,1732470.71,1037649.72,694820.99,1,1
1087,198.3491,1753690.06,1037649.72,716040.34,1,1
1088,209.7298,1794774.34,1037649.72,757124.62,1,1
1089,207.3536,1786196.3,1037649.72,748546.59,1,1
1090,207.1035,1785293.35,1037649.72,747643.64,1,1
1091,212.2311,1803803.85,1037649.72,766154.14,0,1
1092,209.1045,1792516.96,1037649.72,754867.24,0,1
1093,205.1025,1778069.74,1037649.72,740420.02,1,1
1094,197.5988,1750981.21,1037649.72,713331.49,1,1
1095,195.2226,1742403.17,1037649.72,704753.45,1,1
1096,192.9714,1734276.61,1037649.72,696626.89,1,1
1097,186.9684,1712605.78,1037649.72,674956.06,1,1
1098,184.3421,1703124.79,1037649.72,665475.07,1,1
1099,194.3471,1739242.84,1037649.72,701593.12,1,1
1100,200.2251,1760462.19,1037649.72,722812.48,1,1
1101,199.2246,1756850.39,1037649.72,719200.67,1,1
1102,215.3576,1815090.74,1037649.72,777441.03,0,1
1103,212.7313,1805609.76,1037649.72,767960.04,0,1
1104,210.9804,1799289.1,1037649.72,761639.38,0,1
1105,226.2381,1854369.12,1037649.72,816719.41,0,1
1106,254.127,1948832.84,1948832.84,0.0,-1,0
1107,263.3816,1948345.96,974097.32,974248.63,-1,-1
1108,280.14,1885382.96,974097.32,911285.64,-1,-1
1109,280.7653,1883069.93,974097.32,908972.61,-1,-1
1110,263.1315,1948297.41,974097.32,974200.08,-1,-1
1111,249.2496,1999646.69,974097.32,1025549.37,-1,-1
1112,254.8774,1978829.41,974097.32,1004732.09,-1,-1
1113,253.2516,1984843.29,974097.32,1010745.97,-1,-1
1114,263.5067,1946909.59,974097.32,972812.26,-1,-1
1115,253.8769,1982530.26,974097.32,1008432.94,-1,-1
1116,251.1255,1992707.6,974097.32,1018610.28,-1,-1
1117,252.6262,1987156.33,974097.32,1013059.0,-1,-1
1118,261.5057,1954311.29,974097.32,980213.96,-1,-1
1119,262.0059,1952460.86,974097.32,978363.54,-1,-1
1120,268.134,1929793.16,974097.32,955695.83,-1,-1
1121,264.132,1944596.56,974097.32,970499.23,-1,-1
1122,259.5047,1961712.99,974097.32,987615.66,0,-1
1123,260.2551,1958937.35,974097.32,984840.02,0,-1
1124,253.2516,1980129.54,1980129.54,0.0,1,0
